customer_id,first_name,last_name,gender,birth_date,age,location,email
1,John,Smith,Male,1990-01-15,33,New York,john.smith@example.com
2,Jane,Doe,Female,1985-07-08,38,Chicago,jane.doe@example.com
3,Alice,Johnson,Female,1992-03-12,31,Los Angeles,alice.johnson@example.com
4,Bob,Brown,Male,1978-11-25,45,Houston,bob.brown@example.com
5,Emily,Davis,Female,2000-06-30,23,Phoenix,emily.davis@example.com
6,Michael,Wilson,Male,1982-09-14,41,Philadelphia,michael.wilson@example.com
7,Sarah,Taylor,Female,1995-02-20,28,San Antonio,sarah.taylor@example.com
8,Chris,Moore,Male,1975-05-05,48,San Diego,chris.moore@example.com
9,Jessica,Anderson,Female,1989-08-22,34,Dallas,jessica.anderson@example.com
10,Paul,Thomas,Male,1997-12-01,25,San Jose,paul.thomas@example.com
11,Laura,Jackson,Female,1991-01-09,32,Austin,laura.jackson@example.com
12,Kevin,White,Male,1987-04-16,36,Fort Worth,kevin.white@example.com
13,Megan,Harris,Female,1994-07-13,29,Columbus,megan.harris@example.com
14,David,Martin,Male,1993-11-19,30,Charlotte,david.martin@example.com
15,Olivia,Thompson,Female,1988-03-24,35,San Francisco,olivia.thompson@example.com
16,Daniel,Garcia,Male,1996-09-07,27,Indianapolis,daniel.garcia@example.com
17,Sophia,Martinez,Female,2001-05-12,22,Seattle,sophia.martinez@example.com
18,Andrew,Robinson,Male,1984-12-30,38,Denver,andrew.robinson@example.com
19,Emma,Clark,Female,1999-06-17,24,Washington,emma.clark@example.com
20,Matthew,Rodriguez,Male,1983-02-11,40,Boston,matthew.rodriguez@example.com
21,Natalie,Lewis,Female,1998-09-23,25,El Paso,natalie.lewis@example.com
22,Jake,Lee,Male,1979-07-04,44,Detroit,jake.lee@example.com
23,Rebecca,Walker,Female,1990-12-14,32,Memphis,rebecca.walker@example.com
24,Henry,Turner,Male,1977-03-02,46,Nashville,henry.turner@example.com
25,Grace,Allen,Female,1986-08-11,37,Baltimore,grace.allen@example.com
26,Ethan,Scott,Male,1995-01-26,28,Louisville,ethan.scott@example.com
27,Anna,Hernandez,Female,1993-04-05,30,Milwaukee,anna.hernandez@example.com
28,Joshua,King,Male,1981-10-21,42,Albuquerque,joshua.king@example.com
29,Chloe,Carter,Female,1996-01-30,27,Tucson,chloe.carter@example.com
30,Ryan,Mitchell,Male,1992-05-19,31,Fresno,ryan.mitchell@example.com
31,Lily,Perez,Female,2000-08-09,23,Sacramento,lily.perez@example.com
32,Alexander,Roberts,Male,1984-12-25,38,Long Beach,alexander.roberts@example.com
33,Victoria,Richardson,Female,1980-06-20,43,Kansas City,victoria.richardson@example.com
34,Lucas,Coleman,Male,1999-11-05,23,Mesa,lucas.coleman@example.com
35,Zoe,Murphy,Female,1997-12-31,25,Atlanta,zoe.murphy@example.com
36,Nathan,Bailey,Male,1998-03-18,25,Omaha,nathan.bailey@example.com
37,Mia,Rogers,Female,1988-06-07,35,Colorado Springs,mia.rogers@example.com
38,Jacob,Reed,Male,1985-09-17,38,Raleigh,jacob.reed@example.com
39,Abigail,Sanders,Female,1991-10-30,32,Miami,abigail.sanders@example.com
40,Gabriel,Stewart,Male,1990-05-13,33,Virginia Beach,gabriel.stewart@example.com
41,Ella,James,Female,1983-11-02,39,Oakland,ella.james@example.com
42,Logan,Hughes,Male,1997-07-28,26,Minneapolis,logan.hughes@example.com
43,Natalie,Parker,Female,2002-04-15,21,Tulsa,natalie.parker@example.com
44,Christian,Evans,Male,1977-08-27,46,New Orleans,christian.evans@example.com
45,Sophia,Edwards,Female,1995-02-14,28,Wichita,sophia.edwards@example.com
46,Jonathan,Collins,Male,2003-05-29,20,Arlington,jonathan.collins@example.com
47,Hannah,Bell,Female,1982-10-12,40,Bakersfield,hannah.bell@example.com
48,Tyler,Brooks,Male,1979-05-08,44,Tampa,tyler.brooks@example.com
49,Victoria,Price,Female,2001-12-21,21,Honolulu,victoria.price@example.com
50,Jack,Russell,Male,1994-03-03,29,Anaheim,jack.russell@example.com
51,Amelia,Foster,Female,1992-11-14,31,Aurora,amelia.foster@example.com
52,Dylan,Kim,Male,1986-07-25,37,Santa Ana,dylan.kim@example.com
53,Samantha,Gutierrez,Female,1989-02-06,34,St. Louis,samantha.gutierrez@example.com
54,Caleb,Diaz,Male,1998-06-22,25,Pittsburgh,caleb.diaz@example.com
55,Julia,Peters,Female,1993-09-16,30,Cincinnati,julia.peters@example.com
56,Aiden,Tran,Male,1987-12-09,35,Riverside,aiden.tran@example.com
57,Evelyn,Long,Female,1991-05-03,32,Cleveland,evelyn.long@example.com
58,Elijah,Bennett,Male,1980-10-29,43,Lexington,elijah.bennett@example.com
59,Scarlett,Gray,Female,1984-04-20,39,Anchorage,scarlett.gray@example.com
60,Luke,Harrison,Male,1990-03-15,33,Lincoln,luke.harrison@example.com
61,Harper,Gonzalez,Female,1994-09-06,29,Buffalo,harper.gonzalez@example.com
62,David,Roberts,Male,1978-06-02,45,Fort Wayne,david.roberts@example.com
63,Avery,Mendoza,Female,1985-11-19,37,Jersey City,avery.mendoza@example.com
64,Hunter,Fields,Male,1996-07-09,27,Scottsdale,hunter.fields@example.com
65,Liam,Vasquez,Male,1983-05-05,40,San Bernardino,liam.vasquez@example.com
66,Addison,Cruz,Female,1979-02-27,44,Reno,addison.cruz@example.com
67,Isaiah,Juarez,Male,1992-08-21,31,Modesto,isaiah.juarez@example.com
68,Hazel,Fisher,Female,2004-11-30,18,Laredo,hazel.fisher@example.com
69,Brayden,Sandoval,Male,2003-12-15,19,Madison,brayden.sandoval@example.com
70,Zachary,Quinn,Male,1978-09-25,45,Chula Vista,zachary.quinn@example.com
71,Aubrey,Blake,Female,1984-01-10,39,Norfolk,aubrey.blake@example.com
72,Oliver,Ramos,Male,1991-06-18,32,Chandler,oliver.ramos@example.com
73,Ariana,Ortiz,Female,1997-03-27,26,Lubbock,ariana.ortiz@example.com
74,Wyatt,Frazier,Male,1975-11-22,48,Garland,wyatt.frazier@example.com
75,Bella,Simmons,Female,1998-02-17,25,Greensboro,bella.simmons@example.com
76,Sebastian,Patel,Male,1986-06-14,37,Hialeah,sebastian.patel@example.com
77,Camila,Ross,Female,1983-10-28,39,Fremont,camila.ross@example.com
78,Aaron,Snow,Male,2000-05-21,23,Richmond,aaron.snow@example.com
79,Alexa,Walsh,Female,1993-06-01,30,Boise,alexa.walsh@example.com
80,Nicholas,Schmidt,Male,1989-12-19,33,Baton Rouge,nicholas.schmidt@example.com
81,Luna,Brewer,Female,2001-01-17,22,Santa Clarita,luna.brewer@example.com
82,Adam,Cummings,Male,1982-07-15,41,Des Moines,adam.cummings@example.com
83,Maya,Barron,Female,1996-10-02,27,Spokane,maya.barron@example.com
84,Blake,Bridges,Male,1998-11-07,24,Tallahassee,blake.bridges@example.com
85,Lucy,Estrada,Female,1979-04-08,44,Grand Rapids,lucy.estrada@example.com
86,Theodore,Klein,Male,1987-12-20,35,Jackson,theodore.klein@example.com
87,Alexis,Pena,Female,1994-03-11,29,Huntington Beach,alexis.pena@example.com
88,Owen,Craig,Male,1999-09-29,24,Salt Lake City,owen.craig@example.com
89,Stella,Saunders,Female,1984-07-22,39,Little Rock,stella.saunders@example.com
90,Grayson,Powers,Male,1992-11-03,31,Amarillo,grayson.powers@example.com
91,Julia,Nash,Female,1990-01-22,33,Montgomery,julia.nash@example.com
92,Derek,Rhodes,Male,1976-08-16,46,Yonkers,derek.rhodes@example.com
93,Sophie,Vaughn,Female,1997-12-28,25,Akron,sophie.vaughn@example.com
94,Hudson,Monroe,Male,1980-12-06,42,Augusta,hudson.monroe@example.com
95,Morgan,Curtis,Female,1982-11-23,40,Glendale,morgan.curtis@example.com
96,Landon,Farrell,Male,1991-07-14,32,Grand Prairie,landon.farrell@example.com
97,Paisley,Doyle,Female,1988-09-30,34,Columbus,paisley.doyle@example.com
98,Carlos,Morris,Male,1979-05-26,44,Toledo,carlos.morris@example.com
99,Hazel,Keller,Female,1990-10-18,32,Oxnard,hazel.keller@example.com
100,Kevin,Shields,Male,1985-03-04,38,Fontana,kevin.shields@example.com
101,Bethany,Yates,Female,1993-07-02,30,Huntsville,bethany.yates@example.com
102,Julian,Patrick,Male,2005-06-05,18,Santa Rosa,julian.patrick@example.com
103,Molly,Steele,Female,1981-09-12,42,Vancouver,molly.steele@example.com
104,Jasper,Reeves,Male,1985-01-16,38,Aurora,jasper.reeves@example.com
105,Josephine,Wells,Female,1999-02-19,24,St. Petersburg,josephine.wells@example.com
106,Bentley,Mason,Male,1991-01-13,32,Lakewood,bentley.mason@example.com
107,Madeline,Hammond,Female,1990-04-04,33,North Las Vegas,madeline.hammond@example.com
108,Cameron,Harper,Male,1983-07-27,40,Chesapeake,cameron.harper@example.com
109,Riley,Holland,Female,1989-02-22,34,Shreveport,riley.holland@example.com
110,Tristan,Morris,Male,1984-12-11,38,Gilbert,tristan.morris@example.com
111,Claire,Lawson,Female,1998-01-05,25,Irving,claire.lawson@example.com
112,Evan,Peters,Male,1995-02-10,28,Madison,evan.peters@example.com
113,Brooke,Maxwell,Female,1978-03-14,45,Scottsdale,brooke.maxwell@example.com
114,Austin,Banks,Male,1987-03-22,36,Birmingham,austin.banks@example.com
115,Nora,Warren,Female,1996-06-08,27,Southern,nora.warren@example.com
116,Robert,Ford,Male,1992-08-02,31,Buffalo,robert.ford@example.com
117,Savannah,Snyder,Female,2002-09-21,20,Corpus Christi,savannah.snyder@example.com
118,Connor,Kim,Male,1986-04-17,37,Riverside,connor.kim@example.com
119,Maddox,Riley,Female,1995-06-30,28,Anaheim,maddox.riley@example.com
120,Lucas,Mckinney,Male,1988-05-05,35,Oakland,lucas.mckinney@example.com
121,Jade,Chan,Female,2003-08-18,19,Chattanooga,jade.chan@example.com
122,Eric,Mills,Male,1994-12-24,28,Orlando,eric.mills@example.com
123,Sierra,Hunt,Female,1984-08-19,39,Fargo,sierra.hunt@example.com
124,Gavin,Harvey,Male,1973-07-19,50,Lansing,gavin.harvey@example.com
125,Scarlet,Chapman,Female,1987-10-07,35,Casper,scarlet.chapman@example.com
126,Mark,Gallagher,Male,1991-04-09,32,Miami,mark.gallagher@example.com
127,Elena,Stokes,Female,2000-11-30,22,Louisville,elena.stokes@example.com
128,Jasper,Cooper,Male,1990-06-23,33,Philadelphia,jasper.cooper@example.com
129,Aiden,Silver,Female,1983-06-15,40,Boston,aiden.silver@example.com
130,Jaxson,Cameron,Male,2000-09-09,22,Las Vegas,jaxson.cameron@example.com
131,Emma,Monroe,Female,1977-04-04,46,Memphis,emma.monroe@example.com
132,Tristan,Curtis,Male,1999-05-23,24,Baltimore,tristan.curtis@example.com
133,Jade,Hunter,Female,1986-08-14,37,Ft. Lauderdale,jade.hunter@example.com
134,Lilian,Lowe,Female,1995-03-17,28,Austin,lilian.lowe@example.com
135,Bryan,Adams,Male,1985-09-25,38,San Francisco,bryan.adams@example.com
136,Sadie,Watson,Female,1974-10-28,49,Houston,sadie.watson@example.com
137,Nathan,Scott,Male,1984-02-25,39,Los Angeles,nathan.scott@example.com
138,Maya,Murray,Female,1991-11-05,32,Chicago,maya.murray@example.com
139,Sean,Powell,Male,1996-07-25,27,Detroit,sean.powell@example.com
140,Tessa,Grant,Female,1993-10-18,30,Seattle,tessa.grant@example.com
141,Leonardo,Maddox,Male,2000-01-19,23,Newark,leonardo.maddox@example.com
142,Chloe,Shields,Female,1992-03-22,31,Minneapolis,chloe.shields@example.com
143,Eli,Benson,Male,2001-12-20,21,Springfield,eli.benson@example.com
144,Megan,Hogan,Female,1978-05-07,45,Tampa,megan.hogan@example.com
145,Gideon,Vargas,Male,1989-08-23,34,Tulsa,gideon.vargas@example.com
146,Layla,Alexander,Female,1983-02-04,40,Atlanta,layla.alexander@example.com
147,Dylan,McCarthy,Male,1986-04-30,37,Washington,dylan.mccarthy@example.com
148,Sydney,Howell,Female,1991-06-18,32,Dallas,sydney.howell@example.com
149,Elliot,Barnes,Male,1999-05-18,24,New Orleans,elliot.barnes@example.com
150,Alyssa,West,Female,1975-10-20,48,Miami,alyssa.west@example.com
151,Christopher,Walton,Male,1981-01-15,42,San Diego,christopher.walton@example.com
152,Brooke,Cook,Female,1989-12-04,33,Sacramento,brooke.cook@example.com
153,Ethan,Nichols,Male,1986-03-30,37,Boston,ethan.nichols@example.com
154,Kaylee,Holland,Female,1993-11-02,30,Las Vegas,kaylee.holland@example.com
155,Luke,Garcia,Male,2002-06-12,21,Indianapolis,luke.garcia@example.com
156,Jasmine,Steele,Female,1983-09-09,39,Phoenix,jasmine.steele@example.com
157,Logan,Griffin,Male,1990-04-25,33,San Antonio,logan.griffin@example.com
158,Riley,Lamb,Female,1997-07-10,25,New York,riley.lamb@example.com
159,Jack,Martinez,Male,1986-07-29,37,Philadelphia,jack.martinez@example.com
160,Paige,Ford,Female,1984-05-26,39,Detroit,paige.ford@example.com
161,Kyle,Turner,Male,2001-04-02,22,Jacksonville,kyle.turner@example.com
162,Gabriella,Baker,Female,1982-02-04,41,Baltimore,gabriella.baker@example.com
163,Levi,Diaz,Male,1977-09-14,46,Austin,levi.diaz@example.com
164,Hannah,Ford,Female,1994-12-01,28,El Paso,hannah.ford@example.com
165,Evan,Wright,Male,1980-11-18,43,Fort Worth,evan.wright@example.com
166,Clara,Ramsey,Female,1990-01-07,33,Milwaukee,clara.ramsey@example.com
167,Max,Shaw,Male,1985-06-16,38,Charlotte,max.shaw@example.com
168,Elena,Miles,Female,1989-04-10,34,Columbus,elena.miles@example.com
169,Oscar,Herrera,Male,1974-11-29,48,Memphis,oscar.herrera@example.com
170,Aubrey,Butler,Female,1998-02-25,25,Providence,aubrey.butler@example.com
171,Leo,Walsh,Male,2003-07-08,20,Long Beach,leo.walsh@example.com
172,Charlotte,Reid,Female,1987-08-24,36,Wichita,charlotte.reid@example.com
173,Xander,Thomson,Male,1988-05-17,35,Nashville,xander.thomson@example.com
174,Scarlett,Caldwell,Female,1984-12-02,38,Louisville,scarlett.caldwell@example.com
175,Wyatt,Patel,Male,1995-04-09,28,Washington,wyatt.patel@example.com
176,Ella,Norman,Female,1996-02-26,27,Seattle,ella.norman@example.com
177,Jonathan,Hudson,Male,1981-06-19,42,Miami,jonathan.hudson@example.com
178,Kaitlyn,Garner,Female,1999-03-25,24,Atlanta,kaitlyn.garner@example.com
179,Calvin,Russell,Male,1976-11-13,46,Portsmouth,calvin.russell@example.com
180,Peyton,Page,Female,1984-07-01,39,Newark,peyton.page@example.com
181,Brian,Strickland,Male,1980-09-30,43,Columbia,brian.strickland@example.com
182,Olivia,Hamilton,Female,1990-12-05,32,Tucson,olivia.hamilton@example.com
183,Finn,Cross,Male,1999-08-11,24,San Diego,finn.cross@example.com
184,Hailey,Dean,Female,1997-03-13,26,Indianapolis,hailey.dean@example.com
185,Eric,Frost,Male,1985-10-20,37,Kansas City,eric.frost@example.com
186,Margaret,Harley,Female,1988-12-08,34,Lincoln,margaret.harley@example.com
187,Asher,Davidson,Male,1986-05-06,37,New Orleans,asher.davidson@example.com
188,Josephine,Bailey,Female,1991-07-20,32,Virginia Beach,josephine.bailey@example.com
189,Harvey,Hodge,Male,2000-02-15,22,Milwaukee,harvey.hodge@example.com
190,Melanie,Smith,Female,1983-04-03,40,New York,melanie.smith@example.com
191,Edward,Macias,Male,1994-06-28,29,Los Angeles,edward.macias@example.com
192,Sophia,Brock,Female,2001-11-01,21,Chicago,sophia.brock@example.com
193,Luca,Owens,Male,1979-05-08,44,Houston,luca.owens@example.com
194,Rebecca,Higgins,Female,1996-04-21,27,Phoenix,rebecca.higgins@example.com
195,Amelia,Palmer,Female,2002-09-14,20,Philadelphia,amelia.palmer@example.com
196,George,Watkins,Male,1982-10-21,40,San Antonio,george.watkins@example.com
197,April,Hoffman,Female,1981-01-27,42,Dallas,april.hoffman@example.com
198,Charles,English,Male,1999-06-13,23,San Jose,charles.english@example.com
199,Leah,Horn,Female,1976-10-03,46,Austin,leah.horn@example.com
200,Thomas,Bishop,Male,1995-02-05,28,Fort Worth,thomas.bishop@example.com